Label,theta
i0,5.138535046287444e-14
i1,0.07030706230889253
i2,0.8939781410967299
i3,8.039716426578816e-05
i4,0.030303063503989185
i5,1.6357836777865777e-10
i6,6.296964068578591e-08
i7,0.005331272792834398
i8,7.266600184845024e-18
i9,6.978367451191788e-26
i10,4.041514620160549e-21
i11,5.954916452416203e-29
i12,2.6997202477330373e-40
i13,1.9308584358490453e-14
i14,7.444187876806438e-31
i15,4.28584912356762e-26
i16,1.01945151508701e-33
H2(g),0.8
CO2(g),0.2
H2O(g),0.0
CO(g),0.0
CH3OH(g),0.0
