Label,theta
i0,3.5538933330221905e-16
i1,0.00020611364261851657
i2,0.04999478533940041
i3,4.496128462216093e-06
i4,0.007583961490053664
i5,4.093883319465201e-11
i6,1.5760216420210057e-08
i7,0.942210627594842
i8,1.2875649556763294e-15
i9,1.2369301926100821e-23
i10,9.234677403812908e-17
i11,1.3721688400917806e-24
i12,6.373002054962698e-36
i13,3.467388367091233e-12
i14,1.3368379492424228e-28
i15,9.979222882083293e-22
i16,1.18494187509369e-28
H2(g),0.8
CO2(g),0.2
H2O(g),0.0
CO(g),0.0
CH3OH(g),0.0
