Label,theta
i0,6.456981842580169e-16
i1,0.0003744873405136089
i2,0.09083539528689194
i3,8.169004094196273e-06
i4,0.013779278124276215
i5,7.438164993483761e-11
i6,2.86341050993821e-08
i7,0.895002641532443
i8,1.2230494467427256e-15
i9,1.1749499157402471e-23
i10,6.587396687399981e-17
i11,9.787914148233466e-25
i12,4.5448187196832695e-36
i13,3.293592194246485e-12
i14,1.269828389777403e-28
i15,7.118155275014802e-22
i16,8.380440477899289e-29
H2(g),0.8
CO2(g),0.2
H2O(g),0.0
CO(g),0.0
CH3OH(g),0.0
