Label,theta
i0,1.8602019660873057e-15
i1,0.0010789674798255587
i2,0.2617136191233679
i3,2.353641572498698e-05
i4,0.03969492769862779
i5,2.1427640763446098e-10
i6,8.248691151178442e-08
i7,0.6974888665786985
i8,9.531226265286015e-16
i9,9.156346159619287e-24
i10,2.444178940929806e-17
i11,3.6313441003026038e-25
i12,1.6842972765154833e-36
i13,2.566445399910422e-12
i14,9.89476581096701e-29
i15,2.640537330377685e-22
i16,2.994052919145077e-29
H2(g),0.8
CO2(g),0.2
H2O(g),0.0
CO(g),0.0
CH3OH(g),0.0
