Label,theta
i0,6.580287410669109e-13
i1,0.91507299572214
i2,0.084840295544954
i3,7.629717661751431e-06
i4,7.871058583434142e-05
i5,4.2488573950146384e-13
i6,1.6351314376385156e-10
i7,3.6826481528743326e-07
i8,4.573982941751049e-22
i9,4.3532669582050585e-30
i10,7.098657302079491e-27
i11,7.985347582003846e-35
i12,3.598910224233854e-46
i13,8.012763752462562e-19
i14,3.087686405980552e-35
i15,4.60903547789912e-32
i16,3.571162878159926e-41
H2(g),0.8
CO2(g),0.2
H2O(g),0.0
CO(g),0.0
CH3OH(g),0.0
